{"name":"Validacion de mensaje de error cuando hay jovenes viajeros","id":"buscar-hotel;validacion-de-mensaje-de-error-cuando-hay-jovenes-viajeros","testSteps":[{"number":1,"description":"Dado que ingreso al portal travelocity.com","duration":9747,"startTime":"2021-05-29T22:55:12.384-05:00[America/Bogota]","screenshots":[{"screenshot":"d360288dbff55dc6f983d3755228ea4c8bbb8da8a69bb709d05d38250274d967.png","timeStamp":1622346922131}],"result":"SUCCESS","precondition":false,"level":0,"children":[{"number":2,"description":"El usuario opens the https://www.travelocity.com/","duration":9737,"startTime":"2021-05-29T22:55:12.384-05:00[America/Bogota]","screenshots":[{"screenshot":"d360288dbff55dc6f983d3755228ea4c8bbb8da8a69bb709d05d38250274d967.png","timeStamp":1622346922121}],"result":"SUCCESS","precondition":false,"level":1}]},{"number":3,"description":"Cuando ingreso las habitaciones que necesito y viajeros que van conmigo\r\n| Habitacion | Adultos | Jovenes |\r\n| 1 | 3 | 1 |","duration":3069,"startTime":"2021-05-29T22:55:22.131-05:00[America/Bogota]","screenshots":[{"screenshot":"7ffd9d589b4901d42df73e28f0a535ca7c720480d13db44215cc3261fd02f795.png","timeStamp":1622346925200}],"result":"SUCCESS","precondition":false,"level":0,"children":[{"number":4,"description":"El usuario agregar habitacion y viajeros","duration":3051,"startTime":"2021-05-29T22:55:22.142-05:00[America/Bogota]","screenshots":[{"screenshot":"7ffd9d589b4901d42df73e28f0a535ca7c720480d13db44215cc3261fd02f795.png","timeStamp":1622346925193}],"result":"SUCCESS","precondition":false,"level":1,"children":[{"number":5,"description":"El usuario clicks on Boton Viajeros de Hotel","duration":613,"startTime":"2021-05-29T22:55:22.151-05:00[America/Bogota]","screenshots":[{"screenshot":"97ed1e06c6393b87b92b9aa3d4ff4dee3411a5877e860b63873881f8c2445ecd.png","timeStamp":1622346922752},{"screenshot":"97ed1e06c6393b87b92b9aa3d4ff4dee3411a5877e860b63873881f8c2445ecd.png","timeStamp":1622346922764}],"result":"SUCCESS","precondition":false,"level":2},{"number":6,"description":"El usuario clicks on Boton Agregar Adulto","duration":544,"startTime":"2021-05-29T22:55:23.175-05:00[America/Bogota]","screenshots":[{"screenshot":"51ae6f80b5c852c036a01638e4b2079e1cf32179e28209bc2e7bf9264dd15a4f.png","timeStamp":1622346923320},{"screenshot":"b9c0b9a183d83633352066f3b970c38bb88aa139472ce94082e54a982f2dfe2e.png","timeStamp":1622346923712},{"screenshot":"b9c0b9a183d83633352066f3b970c38bb88aa139472ce94082e54a982f2dfe2e.png","timeStamp":1622346923719}],"result":"SUCCESS","precondition":false,"level":2},{"number":7,"description":"El usuario clicks on Boton Agregar Joven","duration":573,"startTime":"2021-05-29T22:55:23.900-05:00[America/Bogota]","screenshots":[{"screenshot":"b9c0b9a183d83633352066f3b970c38bb88aa139472ce94082e54a982f2dfe2e.png","timeStamp":1622346924049},{"screenshot":"1b56f16702ef221040ae88d8dd22b7118a772643b4a3bb06b90d3de415f6b6a7.png","timeStamp":1622346924464},{"screenshot":"1b56f16702ef221040ae88d8dd22b7118a772643b4a3bb06b90d3de415f6b6a7.png","timeStamp":1622346924473}],"result":"SUCCESS","precondition":false,"level":2},{"number":8,"description":"El usuario clicks on Boton Aceptar Viajeros","duration":551,"startTime":"2021-05-29T22:55:24.634-05:00[America/Bogota]","screenshots":[{"screenshot":"1b56f16702ef221040ae88d8dd22b7118a772643b4a3bb06b90d3de415f6b6a7.png","timeStamp":1622346924800},{"screenshot":"7ffd9d589b4901d42df73e28f0a535ca7c720480d13db44215cc3261fd02f795.png","timeStamp":1622346925177},{"screenshot":"7ffd9d589b4901d42df73e28f0a535ca7c720480d13db44215cc3261fd02f795.png","timeStamp":1622346925185}],"result":"SUCCESS","precondition":false,"level":2}]}]},{"number":9,"description":"Entonces deberia ver un mensaje de error en el formulario de viajeros","duration":327,"startTime":"2021-05-29T22:55:25.201-05:00[America/Bogota]","screenshots":[{"screenshot":"7ffd9d589b4901d42df73e28f0a535ca7c720480d13db44215cc3261fd02f795.png","timeStamp":1622346925528}],"result":"SUCCESS","precondition":false,"level":0,"children":[{"number":10,"description":"Then hay un error$$ lambda$386/1047656159 should be (true)","duration":310,"startTime":"2021-05-29T22:55:25.209-05:00[America/Bogota]","screenshots":[{"screenshot":"7ffd9d589b4901d42df73e28f0a535ca7c720480d13db44215cc3261fd02f795.png","timeStamp":1622346925519}],"result":"SUCCESS","precondition":false,"level":1}]},{"number":11,"description":"Y el mensaje de error deberia tener el siguiente texto:\r\n| Please provide the ages of children. |","duration":216,"startTime":"2021-05-29T22:55:25.528-05:00[America/Bogota]","screenshots":[{"screenshot":"7ffd9d589b4901d42df73e28f0a535ca7c720480d13db44215cc3261fd02f795.png","timeStamp":1622346925744}],"result":"SUCCESS","precondition":false,"level":0,"children":[{"number":12,"description":"Then hay un error$$ lambda$392/1603586061 should be \u0027Please provide the ages of children.\u0027","duration":197,"startTime":"2021-05-29T22:55:25.538-05:00[America/Bogota]","screenshots":[{"screenshot":"7ffd9d589b4901d42df73e28f0a535ca7c720480d13db44215cc3261fd02f795.png","timeStamp":1622346925735}],"result":"SUCCESS","precondition":false,"level":1}]}],"userStory":{"id":"buscar-hotel","storyName":"Buscar hotel","path":"src/test/resources/features/BuscarHotel.feature","narrative":"  Como usuario dentro del portal travelocity,\n  quiero poder buscar hoteles,\n  para recibir sugerencias de donde quedarme","type":"feature"},"featureTag":{"name":"Features/Buscar hotel","type":"feature","displayName":"Features/Buscar hotel"},"title":"Validacion de mensaje de error cuando hay jovenes viajeros","backgroundTitle":"","backgroundDescription":"","tags":[{"name":"Buscar hotel","type":"feature","displayName":"Buscar hotel"}],"startTime":"2021-05-29T22:55:12.384-05:00[America/Bogota]","duration":13360,"projectKey":"","sessionId":"ffaa2c1d3281fe83b05cb1424eeaf3e3","driver":"chrome","isManualTestingUpToDate":false,"manual":false,"testSource":"Cucumber","actors":[{"name":"El usuario","can":["browse the web"]}],"result":"SUCCESS"}