{"name":"Busqueda de hotel sin destino","id":"buscar-hotel;busqueda-de-hotel-sin-destino","testSteps":[{"number":1,"description":"Dado que ingreso al portal travelocity.com","duration":10912,"startTime":"2021-05-29T22:54:58.492-05:00[America/Bogota]","screenshots":[{"screenshot":"c9463e78f3d528f291c73ee55c03ebf6d25c2eafdaba4b09edefa8d8365aaa4c.png","timeStamp":1622346909404}],"result":"SUCCESS","precondition":false,"level":0,"children":[{"number":2,"description":"El usuario opens the https://www.travelocity.com/","duration":10888,"startTime":"2021-05-29T22:54:58.507-05:00[America/Bogota]","screenshots":[{"screenshot":"c9463e78f3d528f291c73ee55c03ebf6d25c2eafdaba4b09edefa8d8365aaa4c.png","timeStamp":1622346909395}],"result":"SUCCESS","precondition":false,"level":1}]},{"number":3,"description":"Cuando ingreso el destino \"\"","duration":1339,"startTime":"2021-05-29T22:55:09.405-05:00[America/Bogota]","screenshots":[{"screenshot":"f717ff14f2e4bc7cad62d60799943be76a300867ccd6cfd392378457c3e771b2.png","timeStamp":1622346910744}],"result":"SUCCESS","precondition":false,"level":0,"children":[{"number":4,"description":"El usuario selecciona un destino de hoteleria","duration":1322,"startTime":"2021-05-29T22:55:09.415-05:00[America/Bogota]","screenshots":[{"screenshot":"f717ff14f2e4bc7cad62d60799943be76a300867ccd6cfd392378457c3e771b2.png","timeStamp":1622346910737}],"result":"SUCCESS","precondition":false,"level":1,"children":[{"number":5,"description":"El usuario clicks on Boton Going to","duration":518,"startTime":"2021-05-29T22:55:09.429-05:00[America/Bogota]","screenshots":[{"screenshot":"c9463e78f3d528f291c73ee55c03ebf6d25c2eafdaba4b09edefa8d8365aaa4c.png","timeStamp":1622346909947}],"result":"SUCCESS","precondition":false,"level":2},{"number":6,"description":"El usuario enters \u0027\u0027 into Campo Destino","duration":489,"startTime":"2021-05-29T22:55:09.947-05:00[America/Bogota]","screenshots":[{"screenshot":"ff7d82fd6057ee160c4412311df7c188f3dd772b49c110246fab33c231061f06.png","timeStamp":1622346910427},{"screenshot":"ff7d82fd6057ee160c4412311df7c188f3dd772b49c110246fab33c231061f06.png","timeStamp":1622346910435}],"result":"SUCCESS","precondition":false,"level":2},{"number":7,"description":"El usuario types \u0027ENTER\u0027 in Campo Destino","duration":293,"startTime":"2021-05-29T22:55:10.436-05:00[America/Bogota]","screenshots":[{"screenshot":"ff7d82fd6057ee160c4412311df7c188f3dd772b49c110246fab33c231061f06.png","timeStamp":1622346910438},{"screenshot":"f717ff14f2e4bc7cad62d60799943be76a300867ccd6cfd392378457c3e771b2.png","timeStamp":1622346910729}],"result":"SUCCESS","precondition":false,"level":2}]}]},{"number":8,"description":"Y ejecuto la busqueda","duration":411,"startTime":"2021-05-29T22:55:10.745-05:00[America/Bogota]","screenshots":[{"screenshot":"b25261a14d184ae1501871ca469dffbc2be506bd801f65326af38653b8960dfa.png","timeStamp":1622346911156}],"result":"SUCCESS","precondition":false,"level":0,"children":[{"number":9,"description":"El usuario clicks on Boton Buscar Hotel","duration":395,"startTime":"2021-05-29T22:55:10.753-05:00[America/Bogota]","screenshots":[{"screenshot":"b25261a14d184ae1501871ca469dffbc2be506bd801f65326af38653b8960dfa.png","timeStamp":1622346911140},{"screenshot":"b25261a14d184ae1501871ca469dffbc2be506bd801f65326af38653b8960dfa.png","timeStamp":1622346911148}],"result":"SUCCESS","precondition":false,"level":1}]},{"number":10,"description":"Entonces deberia ver un mensaje de error en el formulario de busqueda de Hotel","duration":315,"startTime":"2021-05-29T22:55:11.156-05:00[America/Bogota]","screenshots":[{"screenshot":"b25261a14d184ae1501871ca469dffbc2be506bd801f65326af38653b8960dfa.png","timeStamp":1622346911471}],"result":"SUCCESS","precondition":false,"level":0,"children":[{"number":11,"description":"Then hay un error$$ lambda$409/231091851 should be (true)","duration":297,"startTime":"2021-05-29T22:55:11.165-05:00[America/Bogota]","screenshots":[{"screenshot":"b25261a14d184ae1501871ca469dffbc2be506bd801f65326af38653b8960dfa.png","timeStamp":1622346911462}],"result":"SUCCESS","precondition":false,"level":1}]},{"number":12,"description":"Y el mensaje de error deberia tener el siguiente texto:\r\n| To continue, please correct the error below. |","duration":210,"startTime":"2021-05-29T22:55:11.472-05:00[America/Bogota]","screenshots":[{"screenshot":"b25261a14d184ae1501871ca469dffbc2be506bd801f65326af38653b8960dfa.png","timeStamp":1622346911682}],"result":"SUCCESS","precondition":false,"level":0,"children":[{"number":13,"description":"Then hay un error$$ lambda$392/1603586061 should be \u0027To continue, please correct the error below.\u0027","duration":195,"startTime":"2021-05-29T22:55:11.480-05:00[America/Bogota]","screenshots":[{"screenshot":"b25261a14d184ae1501871ca469dffbc2be506bd801f65326af38653b8960dfa.png","timeStamp":1622346911675}],"result":"SUCCESS","precondition":false,"level":1}]}],"userStory":{"id":"buscar-hotel","storyName":"Buscar hotel","path":"src/test/resources/features/BuscarHotel.feature","narrative":"  Como usuario dentro del portal travelocity,\n  quiero poder buscar hoteles,\n  para recibir sugerencias de donde quedarme","type":"feature"},"featureTag":{"name":"Features/Buscar hotel","type":"feature","displayName":"Features/Buscar hotel"},"title":"Busqueda de hotel sin destino","backgroundTitle":"","backgroundDescription":"","tags":[{"name":"Buscar hotel","type":"feature","displayName":"Buscar hotel"}],"startTime":"2021-05-29T22:54:58.492-05:00[America/Bogota]","duration":13190,"projectKey":"","sessionId":"54a1fb41a798b3f61101566da7a90d32","driver":"chrome","isManualTestingUpToDate":false,"manual":false,"testSource":"Cucumber","actors":[{"name":"El usuario","can":["browse the web"]}],"result":"SUCCESS"}