{"name":"Busqueda de hotel con check-in, check-out y viajeros","id":"buscar-hotel;busqueda-de-hotel-con-check-in--check-out-y-viajeros","testSteps":[{"number":1,"description":"Example: {Destino\u003dBogotá, CheckInDia\u003d22, CheckInMes\u003dAugust, CheckInYear\u003d2021, CheckOutDia\u003d25, CheckOutMes\u003dAugust, CheckOutYear\u003d2021}","duration":49870,"startTime":"2021-05-29T22:55:26.467-05:00[America/Bogota]","screenshots":[{"screenshot":"a29a3080c23489b6d68420feb59b5584388ea5dfc09aa64bfb8e9c7571b22b08.png","timeStamp":1622346976337}],"result":"SUCCESS","precondition":false,"level":0,"children":[{"number":2,"description":"Dado que ingreso al portal travelocity.com","duration":11820,"startTime":"2021-05-29T22:55:26.469-05:00[America/Bogota]","screenshots":[{"screenshot":"d360288dbff55dc6f983d3755228ea4c8bbb8da8a69bb709d05d38250274d967.png","timeStamp":1622346938289}],"result":"SUCCESS","precondition":false,"level":1,"children":[{"number":3,"description":"El usuario opens the https://www.travelocity.com/","duration":11810,"startTime":"2021-05-29T22:55:26.470-05:00[America/Bogota]","screenshots":[{"screenshot":"d360288dbff55dc6f983d3755228ea4c8bbb8da8a69bb709d05d38250274d967.png","timeStamp":1622346938280}],"result":"SUCCESS","precondition":false,"level":2}]},{"number":4,"description":"Cuando ingreso los datos basicos para buscar un hotel\r\n| Destino | CheckInDia | CheckInMes | CheckInYear | CheckOutDia | CheckOutMes | CheckOutYear |\r\n| Bogotá | 22 | August | 2021 | 25 | August | 2021 |","duration":5060,"startTime":"2021-05-29T22:55:38.289-05:00[America/Bogota]","screenshots":[{"screenshot":"d360288dbff55dc6f983d3755228ea4c8bbb8da8a69bb709d05d38250274d967.png","timeStamp":1622346938296},{"screenshot":"a5d30868601a804db20a25ffecd85d3fda2144fdfa3ee476a8fc31985b85e85c.png","timeStamp":1622346943349}],"result":"SUCCESS","precondition":false,"level":1,"children":[{"number":5,"description":"El usuario selecciona un destino de hoteleria","duration":1328,"startTime":"2021-05-29T22:55:38.300-05:00[America/Bogota]","screenshots":[{"screenshot":"d360288dbff55dc6f983d3755228ea4c8bbb8da8a69bb709d05d38250274d967.png","timeStamp":1622346938306},{"screenshot":"3c3d4d3bb09dbddc6f20a7bcc14ae5196c90661da9ac959f9cdac87edef7f93f.png","timeStamp":1622346939628}],"result":"SUCCESS","precondition":false,"level":2,"children":[{"number":6,"description":"El usuario clicks on Boton Going to","duration":526,"startTime":"2021-05-29T22:55:38.307-05:00[America/Bogota]","screenshots":[{"screenshot":"d360288dbff55dc6f983d3755228ea4c8bbb8da8a69bb709d05d38250274d967.png","timeStamp":1622346938315},{"screenshot":"6b36cbdfb449490cbdd2c812480ad33983eaca319fa21d153fef405440a7971d.png","timeStamp":1622346938824},{"screenshot":"6b36cbdfb449490cbdd2c812480ad33983eaca319fa21d153fef405440a7971d.png","timeStamp":1622346938833}],"result":"SUCCESS","precondition":false,"level":3},{"number":7,"description":"El usuario enters \u0027Bogotá\u0027 into Campo Destino","duration":516,"startTime":"2021-05-29T22:55:38.834-05:00[America/Bogota]","screenshots":[{"screenshot":"6b36cbdfb449490cbdd2c812480ad33983eaca319fa21d153fef405440a7971d.png","timeStamp":1622346938841},{"screenshot":"5c0bbed141f12df8878928e7ae58bba458b324aa21d59ac3821752f49c2ee4d9.png","timeStamp":1622346939343},{"screenshot":"5c0bbed141f12df8878928e7ae58bba458b324aa21d59ac3821752f49c2ee4d9.png","timeStamp":1622346939350}],"result":"SUCCESS","precondition":false,"level":3},{"number":8,"description":"El usuario types \u0027ENTER\u0027 in Campo Destino","duration":266,"startTime":"2021-05-29T22:55:39.351-05:00[America/Bogota]","screenshots":[{"screenshot":"5c0bbed141f12df8878928e7ae58bba458b324aa21d59ac3821752f49c2ee4d9.png","timeStamp":1622346939361},{"screenshot":"3c3d4d3bb09dbddc6f20a7bcc14ae5196c90661da9ac959f9cdac87edef7f93f.png","timeStamp":1622346939617}],"result":"SUCCESS","precondition":false,"level":3}]},{"number":9,"description":"El usuario seleccionar fecha","duration":2243,"startTime":"2021-05-29T22:55:39.633-05:00[America/Bogota]","screenshots":[{"screenshot":"3c3d4d3bb09dbddc6f20a7bcc14ae5196c90661da9ac959f9cdac87edef7f93f.png","timeStamp":1622346939640},{"screenshot":"f6eb43bff7fad5558ab2d947d102e3f0246d7ca7ededac7bc26b141fa419304e.png","timeStamp":1622346941876}],"result":"SUCCESS","precondition":false,"level":2,"children":[{"number":10,"description":"El usuario clicks on Boton Check-In","duration":515,"startTime":"2021-05-29T22:55:39.646-05:00[America/Bogota]","screenshots":[{"screenshot":"3c3d4d3bb09dbddc6f20a7bcc14ae5196c90661da9ac959f9cdac87edef7f93f.png","timeStamp":1622346939655},{"screenshot":"e3be8a0ccaed162f4d20e39a2cc7eb373ce65c0971719b6ce1ff1e67e63a196b.png","timeStamp":1622346940149},{"screenshot":"e3be8a0ccaed162f4d20e39a2cc7eb373ce65c0971719b6ce1ff1e67e63a196b.png","timeStamp":1622346940161}],"result":"SUCCESS","precondition":false,"level":3},{"number":11,"description":"El usuario clicks on Boton siguiente mes","duration":520,"startTime":"2021-05-29T22:55:40.265-05:00[America/Bogota]","screenshots":[{"screenshot":"0890ba5451d4b4407aef34abee2b0c523ceee30f49aee1d304c216d47cfcdb0a.png","timeStamp":1622346940391},{"screenshot":"d83b56d15c8b140d2d05fe8ee12fe2d8c493b1a9b20926c16a9f537502114e26.png","timeStamp":1622346940775},{"screenshot":"d83b56d15c8b140d2d05fe8ee12fe2d8c493b1a9b20926c16a9f537502114e26.png","timeStamp":1622346940785}],"result":"SUCCESS","precondition":false,"level":3},{"number":12,"description":"El usuario clicks on Dia en Calendario","duration":532,"startTime":"2021-05-29T22:55:40.869-05:00[America/Bogota]","screenshots":[{"screenshot":"05463997817b50c6a829218f7ae667e26625d57f807c9ed3152a4dca41c3ad7c.png","timeStamp":1622346941015},{"screenshot":"3245855f60268e3c7df96ed2d711af3fcf812688ab391c0b02514bd7bd31c667.png","timeStamp":1622346941394},{"screenshot":"3245855f60268e3c7df96ed2d711af3fcf812688ab391c0b02514bd7bd31c667.png","timeStamp":1622346941401}],"result":"SUCCESS","precondition":false,"level":3},{"number":13,"description":"El usuario clicks on Boton aplicar seleccion en Calendario","duration":465,"startTime":"2021-05-29T22:55:41.403-05:00[America/Bogota]","screenshots":[{"screenshot":"3245855f60268e3c7df96ed2d711af3fcf812688ab391c0b02514bd7bd31c667.png","timeStamp":1622346941412},{"screenshot":"f6eb43bff7fad5558ab2d947d102e3f0246d7ca7ededac7bc26b141fa419304e.png","timeStamp":1622346941860},{"screenshot":"f6eb43bff7fad5558ab2d947d102e3f0246d7ca7ededac7bc26b141fa419304e.png","timeStamp":1622346941868}],"result":"SUCCESS","precondition":false,"level":3}]},{"number":14,"description":"El usuario seleccionar fecha","duration":1466,"startTime":"2021-05-29T22:55:41.877-05:00[America/Bogota]","screenshots":[{"screenshot":"f6eb43bff7fad5558ab2d947d102e3f0246d7ca7ededac7bc26b141fa419304e.png","timeStamp":1622346941886},{"screenshot":"a5d30868601a804db20a25ffecd85d3fda2144fdfa3ee476a8fc31985b85e85c.png","timeStamp":1622346943343}],"result":"SUCCESS","precondition":false,"level":2,"children":[{"number":15,"description":"El usuario clicks on Boton Check-Out","duration":450,"startTime":"2021-05-29T22:55:41.887-05:00[America/Bogota]","screenshots":[{"screenshot":"f6eb43bff7fad5558ab2d947d102e3f0246d7ca7ededac7bc26b141fa419304e.png","timeStamp":1622346941895},{"screenshot":"4893c8580ab26453ae4d9e46ef3311b822b7109a2a1fab8079f9673a8e531589.png","timeStamp":1622346942328},{"screenshot":"4893c8580ab26453ae4d9e46ef3311b822b7109a2a1fab8079f9673a8e531589.png","timeStamp":1622346942336}],"result":"SUCCESS","precondition":false,"level":3},{"number":16,"description":"El usuario clicks on Dia en Calendario","duration":502,"startTime":"2021-05-29T22:55:42.392-05:00[America/Bogota]","screenshots":[{"screenshot":"4e01f4a675e6a82a9ae4410fa057ee99672f4e48c9c463794b547aecce484c1d.png","timeStamp":1622346942547},{"screenshot":"607b8efa7417a709b1983d2e2b6457189ae4650366001fc758446971a3dba232.png","timeStamp":1622346942882},{"screenshot":"607b8efa7417a709b1983d2e2b6457189ae4650366001fc758446971a3dba232.png","timeStamp":1622346942894}],"result":"SUCCESS","precondition":false,"level":3},{"number":17,"description":"El usuario clicks on Boton aplicar seleccion en Calendario","duration":440,"startTime":"2021-05-29T22:55:42.895-05:00[America/Bogota]","screenshots":[{"screenshot":"607b8efa7417a709b1983d2e2b6457189ae4650366001fc758446971a3dba232.png","timeStamp":1622346942903},{"screenshot":"a5d30868601a804db20a25ffecd85d3fda2144fdfa3ee476a8fc31985b85e85c.png","timeStamp":1622346943326},{"screenshot":"a5d30868601a804db20a25ffecd85d3fda2144fdfa3ee476a8fc31985b85e85c.png","timeStamp":1622346943335}],"result":"SUCCESS","precondition":false,"level":3}]}]},{"number":18,"description":"E ingreso las habitaciones que necesito y viajeros que van conmigo\r\n| Habitacion | Adultos | Jovenes |\r\n| 1 | 3 | 0 |\r\n| 2 | 1 | 0 |\r\n| 3 | 2 | 0 |","duration":24615,"startTime":"2021-05-29T22:55:43.349-05:00[America/Bogota]","screenshots":[{"screenshot":"a5d30868601a804db20a25ffecd85d3fda2144fdfa3ee476a8fc31985b85e85c.png","timeStamp":1622346943355},{"screenshot":"71b286daf86c12cf9e4e6fe1138062ace57dc17d49ad82960415013fa411c89c.png","timeStamp":1622346967964}],"result":"SUCCESS","precondition":false,"level":1,"children":[{"number":19,"description":"El usuario agregar habitacion y viajeros","duration":24591,"startTime":"2021-05-29T22:55:43.357-05:00[America/Bogota]","screenshots":[{"screenshot":"a5d30868601a804db20a25ffecd85d3fda2144fdfa3ee476a8fc31985b85e85c.png","timeStamp":1622346943364},{"screenshot":"71b286daf86c12cf9e4e6fe1138062ace57dc17d49ad82960415013fa411c89c.png","timeStamp":1622346967948}],"result":"SUCCESS","precondition":false,"level":2,"children":[{"number":20,"description":"El usuario clicks on Boton Viajeros de Hotel","duration":453,"startTime":"2021-05-29T22:55:43.365-05:00[America/Bogota]","screenshots":[{"screenshot":"a5d30868601a804db20a25ffecd85d3fda2144fdfa3ee476a8fc31985b85e85c.png","timeStamp":1622346943372},{"screenshot":"c8e1d7d73b11699cef79b0ed598cacd7f64bc7113b9ed2b21804728d3ed62f16.png","timeStamp":1622346943809},{"screenshot":"c8e1d7d73b11699cef79b0ed598cacd7f64bc7113b9ed2b21804728d3ed62f16.png","timeStamp":1622346943818}],"result":"SUCCESS","precondition":false,"level":3},{"number":21,"description":"El usuario clicks on Boton Agregar Adulto","duration":534,"startTime":"2021-05-29T22:55:44.188-05:00[America/Bogota]","screenshots":[{"screenshot":"8ca0ac23529bfce5282c5d72bf3707ebdeb3edd51e9b4a126dd0eefd65f04c0f.png","timeStamp":1622346944343},{"screenshot":"2d2f46883898b776dd59230a0241e0bc2ca508e69101f255f740559ae823b337.png","timeStamp":1622346944712},{"screenshot":"2d2f46883898b776dd59230a0241e0bc2ca508e69101f255f740559ae823b337.png","timeStamp":1622346944722}],"result":"SUCCESS","precondition":false,"level":3},{"number":22,"description":"El usuario clicks on Boton Agregar Habitacion","duration":545,"startTime":"2021-05-29T22:55:54.937-05:00[America/Bogota]","screenshots":[{"screenshot":"2d2f46883898b776dd59230a0241e0bc2ca508e69101f255f740559ae823b337.png","timeStamp":1622346955083},{"screenshot":"e3ffa717351d2f8dcd64d5550b423f57dee04f3cd95c5976d36e0be748d7f23c.png","timeStamp":1622346955466},{"screenshot":"e3ffa717351d2f8dcd64d5550b423f57dee04f3cd95c5976d36e0be748d7f23c.png","timeStamp":1622346955482}],"result":"SUCCESS","precondition":false,"level":3},{"number":23,"description":"El usuario clicks on Boton Agregar Habitacion","duration":482,"startTime":"2021-05-29T22:56:05.836-05:00[America/Bogota]","screenshots":[{"screenshot":"e3ffa717351d2f8dcd64d5550b423f57dee04f3cd95c5976d36e0be748d7f23c.png","timeStamp":1622346965968},{"screenshot":"b49151df0b7d7ac9fcee352ee0fe7dbb49751ef50166fd908c0f25d921487fbc.png","timeStamp":1622346966318}],"result":"SUCCESS","precondition":false,"level":3},{"number":24,"description":"El usuario clicks on Boton Agregar Adulto","duration":506,"startTime":"2021-05-29T22:56:06.693-05:00[America/Bogota]","screenshots":[{"screenshot":"b49151df0b7d7ac9fcee352ee0fe7dbb49751ef50166fd908c0f25d921487fbc.png","timeStamp":1622346966818},{"screenshot":"021762b44bf6ec3d17442a342407e31c1e3c9110e8eb9b486da3e5fbd5ffe90d.png","timeStamp":1622346967183},{"screenshot":"021762b44bf6ec3d17442a342407e31c1e3c9110e8eb9b486da3e5fbd5ffe90d.png","timeStamp":1622346967199}],"result":"SUCCESS","precondition":false,"level":3},{"number":25,"description":"El usuario clicks on Boton Aceptar Viajeros","duration":562,"startTime":"2021-05-29T22:56:07.386-05:00[America/Bogota]","screenshots":[{"screenshot":"021762b44bf6ec3d17442a342407e31c1e3c9110e8eb9b486da3e5fbd5ffe90d.png","timeStamp":1622346967516},{"screenshot":"71b286daf86c12cf9e4e6fe1138062ace57dc17d49ad82960415013fa411c89c.png","timeStamp":1622346967948}],"result":"SUCCESS","precondition":false,"level":3}]}]},{"number":26,"description":"Y ejecuto la busqueda","duration":8056,"startTime":"2021-05-29T22:56:07.964-05:00[America/Bogota]","screenshots":[{"screenshot":"71b286daf86c12cf9e4e6fe1138062ace57dc17d49ad82960415013fa411c89c.png","timeStamp":1622346967964},{"screenshot":"73de256a715c65f5c3ae7b2a99362fbc45b2d6da48792dbe1b32f2eece23abb4.png","timeStamp":1622346976020}],"result":"SUCCESS","precondition":false,"level":1,"children":[{"number":27,"description":"El usuario clicks on Boton Buscar Hotel","duration":8056,"startTime":"2021-05-29T22:56:07.964-05:00[America/Bogota]","screenshots":[{"screenshot":"71b286daf86c12cf9e4e6fe1138062ace57dc17d49ad82960415013fa411c89c.png","timeStamp":1622346967980},{"screenshot":"73de256a715c65f5c3ae7b2a99362fbc45b2d6da48792dbe1b32f2eece23abb4.png","timeStamp":1622346976005},{"screenshot":"73de256a715c65f5c3ae7b2a99362fbc45b2d6da48792dbe1b32f2eece23abb4.png","timeStamp":1622346976020}],"result":"SUCCESS","precondition":false,"level":2}]},{"number":28,"description":"Entonces deberia ver al menos un hotel de resultado en \"Bogotá\"","duration":302,"startTime":"2021-05-29T22:56:16.020-05:00[America/Bogota]","screenshots":[{"screenshot":"73de256a715c65f5c3ae7b2a99362fbc45b2d6da48792dbe1b32f2eece23abb4.png","timeStamp":1622346976036},{"screenshot":"a29a3080c23489b6d68420feb59b5584388ea5dfc09aa64bfb8e9c7571b22b08.png","timeStamp":1622346976322}],"result":"SUCCESS","precondition":false,"level":1,"children":[{"number":29,"description":"Then la ubicacion del hotel should be (true)","duration":286,"startTime":"2021-05-29T22:56:16.036-05:00[America/Bogota]","screenshots":[{"screenshot":"73de256a715c65f5c3ae7b2a99362fbc45b2d6da48792dbe1b32f2eece23abb4.png","timeStamp":1622346976051},{"screenshot":"a29a3080c23489b6d68420feb59b5584388ea5dfc09aa64bfb8e9c7571b22b08.png","timeStamp":1622346976322}],"result":"SUCCESS","precondition":false,"level":2}]}]}],"userStory":{"id":"buscar-hotel","storyName":"Buscar hotel","path":"src/test/resources/features/BuscarHotel.feature","narrative":"  Como usuario dentro del portal travelocity,\n  quiero poder buscar hoteles,\n  para recibir sugerencias de donde quedarme","type":"feature"},"featureTag":{"name":"Features/Buscar hotel","type":"feature","displayName":"Features/Buscar hotel"},"title":"Busqueda de hotel con check-in, check-out y viajeros","backgroundTitle":"","backgroundDescription":"","tags":[{"name":"Buscar hotel","type":"feature","displayName":"Buscar hotel"}],"startTime":"2021-05-29T22:55:26.463-05:00[America/Bogota]","duration":50511,"projectKey":"","isManualTestingUpToDate":false,"dataTable":{"headers":["Destino","CheckInDia","CheckInMes","CheckInYear","CheckOutDia","CheckOutMes","CheckOutYear"],"rows":[{"values":["Bogotá","22","August","2021","25","August","2021"],"result":"SUCCESS"}],"predefinedRows":true,"scenarioOutline":"Cuando ingreso los datos basicos para buscar un hotel\n\rE ingreso las habitaciones que necesito y viajeros que van conmigo\n\rY ejecuto la busqueda\n\rEntonces deberia ver al menos un hotel de resultado en \"\u003cDestino\u003e\"\n\r","dataSetDescriptors":[{"startRow":0,"rowCount":0,"name":""}]},"manual":false,"testSource":"Cucumber","actors":[{"name":"El usuario","can":["browse the web"]}],"result":"SUCCESS","scenarioOutline":"Cuando ingreso los datos basicos para buscar un hotel\r\n|Destino | CheckInDia | CheckInMes | CheckInYear | CheckOutDia | CheckOutMes | CheckOutYear|\r\n|\u003cDestino\u003e | \u003cCheckInDia\u003e | \u003cCheckInMes\u003e | \u003cCheckInYear\u003e | \u003cCheckOutDia\u003e | \u003cCheckOutMes\u003e | \u003cCheckOutYear\u003e|\r\nE ingreso las habitaciones que necesito y viajeros que van conmigo\r\n|Habitacion | Adultos | Jovenes|\r\n|1 | 3 | 0|\r\n|2 | 1 | 0|\r\n|3 | 2 | 0|\r\nY ejecuto la busqueda\r\nEntonces deberia ver al menos un hotel de resultado en \"\u003cDestino\u003e\""}