{"name":"Validacion de borrado de mensaje de error en formulario de viajeros al retirar un joven viajero","id":"buscar-hotel;validacion-de-borrado-de-mensaje-de-error-en-formulario-de-viajeros-al-retirar-un-joven-viajero","testSteps":[{"number":1,"description":"Dado que ingreso al portal travelocity.com","duration":9852,"startTime":"2021-05-29T22:54:30.598-05:00[America/Bogota]","screenshots":[{"screenshot":"c9463e78f3d528f291c73ee55c03ebf6d25c2eafdaba4b09edefa8d8365aaa4c.png","timeStamp":1622346880450}],"result":"SUCCESS","precondition":false,"level":0,"children":[{"number":2,"description":"El usuario opens the https://www.travelocity.com/","duration":9649,"startTime":"2021-05-29T22:54:30.786-05:00[America/Bogota]","screenshots":[{"screenshot":"c9463e78f3d528f291c73ee55c03ebf6d25c2eafdaba4b09edefa8d8365aaa4c.png","timeStamp":1622346880435}],"result":"SUCCESS","precondition":false,"level":1}]},{"number":3,"description":"Cuando ingreso las habitaciones que necesito y viajeros que van conmigo\r\n| Habitacion | Adultos | Jovenes |\r\n| 1 | 3 | 1 |","duration":3468,"startTime":"2021-05-29T22:54:40.451-05:00[America/Bogota]","screenshots":[{"screenshot":"807d6bac63c195d7a360b599889d0f5e7ba3e37128a4c4c68175bcbb253acdbf.png","timeStamp":1622346883919}],"result":"SUCCESS","precondition":false,"level":0,"children":[{"number":4,"description":"El usuario agregar habitacion y viajeros","duration":3434,"startTime":"2021-05-29T22:54:40.477-05:00[America/Bogota]","screenshots":[{"screenshot":"807d6bac63c195d7a360b599889d0f5e7ba3e37128a4c4c68175bcbb253acdbf.png","timeStamp":1622346883911}],"result":"SUCCESS","precondition":false,"level":1,"children":[{"number":5,"description":"El usuario clicks on Boton Viajeros de Hotel","duration":750,"startTime":"2021-05-29T22:54:40.636-05:00[America/Bogota]","screenshots":[{"screenshot":"82f3d50f2e51099d4bae5e410b78c9244d75e3d0334bd8a81f0c14e3036bcfc2.png","timeStamp":1622346881375},{"screenshot":"82f3d50f2e51099d4bae5e410b78c9244d75e3d0334bd8a81f0c14e3036bcfc2.png","timeStamp":1622346881386}],"result":"SUCCESS","precondition":false,"level":2},{"number":6,"description":"El usuario clicks on Boton Agregar Adulto","duration":622,"startTime":"2021-05-29T22:54:41.833-05:00[America/Bogota]","screenshots":[{"screenshot":"4ddc17d734c1c86fa99d4db7a12d1da55cf576b7048464ab3a1c4b2004752232.png","timeStamp":1622346881980},{"screenshot":"c2acebcb83fcd0000e4909d1a60a436bc83a9a156d0c3945d701e1b820380cc8.png","timeStamp":1622346882444},{"screenshot":"c2acebcb83fcd0000e4909d1a60a436bc83a9a156d0c3945d701e1b820380cc8.png","timeStamp":1622346882455}],"result":"SUCCESS","precondition":false,"level":2},{"number":7,"description":"El usuario clicks on Boton Agregar Joven","duration":538,"startTime":"2021-05-29T22:54:42.677-05:00[America/Bogota]","screenshots":[{"screenshot":"c2acebcb83fcd0000e4909d1a60a436bc83a9a156d0c3945d701e1b820380cc8.png","timeStamp":1622346882821},{"screenshot":"3a097b274c887d5d5be82d5a48cb9054b675b93b921e5ed9705fd8d6b32823e5.png","timeStamp":1622346883207},{"screenshot":"3a097b274c887d5d5be82d5a48cb9054b675b93b921e5ed9705fd8d6b32823e5.png","timeStamp":1622346883215}],"result":"SUCCESS","precondition":false,"level":2},{"number":8,"description":"El usuario clicks on Boton Aceptar Viajeros","duration":525,"startTime":"2021-05-29T22:54:43.378-05:00[America/Bogota]","screenshots":[{"screenshot":"3a097b274c887d5d5be82d5a48cb9054b675b93b921e5ed9705fd8d6b32823e5.png","timeStamp":1622346883515},{"screenshot":"807d6bac63c195d7a360b599889d0f5e7ba3e37128a4c4c68175bcbb253acdbf.png","timeStamp":1622346883891},{"screenshot":"807d6bac63c195d7a360b599889d0f5e7ba3e37128a4c4c68175bcbb253acdbf.png","timeStamp":1622346883903}],"result":"SUCCESS","precondition":false,"level":2}]}]},{"number":9,"description":"Entonces deberia ver un mensaje de error en el formulario de viajeros","duration":575,"startTime":"2021-05-29T22:54:43.920-05:00[America/Bogota]","screenshots":[{"screenshot":"807d6bac63c195d7a360b599889d0f5e7ba3e37128a4c4c68175bcbb253acdbf.png","timeStamp":1622346884495}],"result":"SUCCESS","precondition":false,"level":0,"children":[{"number":10,"description":"Then hay un error$$ lambda$386/1047656159 should be (true)","duration":491,"startTime":"2021-05-29T22:54:43.996-05:00[America/Bogota]","screenshots":[{"screenshot":"807d6bac63c195d7a360b599889d0f5e7ba3e37128a4c4c68175bcbb253acdbf.png","timeStamp":1622346884487}],"result":"SUCCESS","precondition":false,"level":1}]},{"number":11,"description":"Y el mensaje de error deberia tener el siguiente texto:\r\n| Please provide the ages of children. |","duration":253,"startTime":"2021-05-29T22:54:44.496-05:00[America/Bogota]","screenshots":[{"screenshot":"807d6bac63c195d7a360b599889d0f5e7ba3e37128a4c4c68175bcbb253acdbf.png","timeStamp":1622346884749}],"result":"SUCCESS","precondition":false,"level":0,"children":[{"number":12,"description":"Then hay un error$$ lambda$392/1603586061 should be \u0027Please provide the ages of children.\u0027","duration":237,"startTime":"2021-05-29T22:54:44.505-05:00[America/Bogota]","screenshots":[{"screenshot":"807d6bac63c195d7a360b599889d0f5e7ba3e37128a4c4c68175bcbb253acdbf.png","timeStamp":1622346884742}],"result":"SUCCESS","precondition":false,"level":1}]},{"number":13,"description":"Cuando ajusto el formulario de viajeros\r\n| Habitacion | Adultos | Jovenes |\r\n| 1 | 3 | 0 |","duration":1612,"startTime":"2021-05-29T22:54:44.749-05:00[America/Bogota]","screenshots":[{"screenshot":"bf226199bb6038cc9befea76b5dcd8d74e830760944294cf33dcdbbe94ae2e7b.png","timeStamp":1622346886361}],"result":"SUCCESS","precondition":false,"level":0,"children":[{"number":14,"description":"El usuario ajustar habitaciones y viajeros","duration":1597,"startTime":"2021-05-29T22:54:44.760-05:00[America/Bogota]","screenshots":[{"screenshot":"bf226199bb6038cc9befea76b5dcd8d74e830760944294cf33dcdbbe94ae2e7b.png","timeStamp":1622346886357}],"result":"SUCCESS","precondition":false,"level":1,"children":[{"number":15,"description":"El usuario clicks on Boton Retirar Joven","duration":520,"startTime":"2021-05-29T22:54:45.151-05:00[America/Bogota]","screenshots":[{"screenshot":"463dc8314ab2919d6eb68de022178a1ade4c454833aea5ee3f6fe2f04d6f6074.png","timeStamp":1622346885299},{"screenshot":"049da8e951694a7232ead3c71cf9b0cf8f7020128563e8ee50366ddadcb02077.png","timeStamp":1622346885666},{"screenshot":"049da8e951694a7232ead3c71cf9b0cf8f7020128563e8ee50366ddadcb02077.png","timeStamp":1622346885671}],"result":"SUCCESS","precondition":false,"level":2},{"number":16,"description":"El usuario clicks on Boton Aceptar Viajeros","duration":480,"startTime":"2021-05-29T22:54:45.862-05:00[America/Bogota]","screenshots":[{"screenshot":"049da8e951694a7232ead3c71cf9b0cf8f7020128563e8ee50366ddadcb02077.png","timeStamp":1622346885987},{"screenshot":"bf226199bb6038cc9befea76b5dcd8d74e830760944294cf33dcdbbe94ae2e7b.png","timeStamp":1622346886342}],"result":"SUCCESS","precondition":false,"level":2}]}]},{"number":17,"description":"E ingreso el destino \"Bogotá\"","duration":1462,"startTime":"2021-05-29T22:54:46.361-05:00[America/Bogota]","screenshots":[{"screenshot":"aea4a914c0af117121ff72dd18ea7535967f087d070ad38de583b5b6b7ff99e2.png","timeStamp":1622346887823}],"result":"SUCCESS","precondition":false,"level":0,"children":[{"number":18,"description":"El usuario selecciona un destino de hoteleria","duration":1329,"startTime":"2021-05-29T22:54:46.482-05:00[America/Bogota]","screenshots":[{"screenshot":"aea4a914c0af117121ff72dd18ea7535967f087d070ad38de583b5b6b7ff99e2.png","timeStamp":1622346887811}],"result":"SUCCESS","precondition":false,"level":1,"children":[{"number":19,"description":"El usuario clicks on Boton Going to","duration":412,"startTime":"2021-05-29T22:54:46.612-05:00[America/Bogota]","screenshots":[{"screenshot":"ddd182bb9b53ff7a0bd09652d59130ed0b2558c3fc42ec811c4b24fb346e18e4.png","timeStamp":1622346887016},{"screenshot":"ddd182bb9b53ff7a0bd09652d59130ed0b2558c3fc42ec811c4b24fb346e18e4.png","timeStamp":1622346887024}],"result":"SUCCESS","precondition":false,"level":2},{"number":20,"description":"El usuario enters \u0027Bogotá\u0027 into Campo Destino","duration":532,"startTime":"2021-05-29T22:54:47.025-05:00[America/Bogota]","screenshots":[{"screenshot":"ddd182bb9b53ff7a0bd09652d59130ed0b2558c3fc42ec811c4b24fb346e18e4.png","timeStamp":1622346887034},{"screenshot":"26adf912e6119fd6056551f02940c7354b0f7de444f497dc9a43430e308bea5c.png","timeStamp":1622346887548},{"screenshot":"26adf912e6119fd6056551f02940c7354b0f7de444f497dc9a43430e308bea5c.png","timeStamp":1622346887557}],"result":"SUCCESS","precondition":false,"level":2},{"number":21,"description":"El usuario types \u0027ENTER\u0027 in Campo Destino","duration":243,"startTime":"2021-05-29T22:54:47.559-05:00[America/Bogota]","screenshots":[{"screenshot":"26adf912e6119fd6056551f02940c7354b0f7de444f497dc9a43430e308bea5c.png","timeStamp":1622346887566},{"screenshot":"aea4a914c0af117121ff72dd18ea7535967f087d070ad38de583b5b6b7ff99e2.png","timeStamp":1622346887802}],"result":"SUCCESS","precondition":false,"level":2}]}]},{"number":22,"description":"Y ejecuto la busqueda","duration":9606,"startTime":"2021-05-29T22:54:47.824-05:00[America/Bogota]","screenshots":[{"screenshot":"57c84cf5875991a484ca71de065c1428b4854b43e3d1c662dd7c3a43aec18fa8.png","timeStamp":1622346897430}],"result":"SUCCESS","precondition":false,"level":0,"children":[{"number":23,"description":"El usuario clicks on Boton Buscar Hotel","duration":9587,"startTime":"2021-05-29T22:54:47.832-05:00[America/Bogota]","screenshots":[{"screenshot":"57c84cf5875991a484ca71de065c1428b4854b43e3d1c662dd7c3a43aec18fa8.png","timeStamp":1622346897405},{"screenshot":"57c84cf5875991a484ca71de065c1428b4854b43e3d1c662dd7c3a43aec18fa8.png","timeStamp":1622346897419}],"result":"SUCCESS","precondition":false,"level":1}]},{"number":24,"description":"Entonces deberia ver al menos un hotel de resultado en \"Bogotá\"","duration":357,"startTime":"2021-05-29T22:54:57.431-05:00[America/Bogota]","screenshots":[{"screenshot":"9f80d8df0fd64f2708b02c31b6c9f17268ceda094f2388e82dc153629c149188.png","timeStamp":1622346897788}],"result":"SUCCESS","precondition":false,"level":0,"children":[{"number":25,"description":"Then la ubicacion del hotel should be (true)","duration":337,"startTime":"2021-05-29T22:54:57.441-05:00[America/Bogota]","screenshots":[{"screenshot":"9f80d8df0fd64f2708b02c31b6c9f17268ceda094f2388e82dc153629c149188.png","timeStamp":1622346897777}],"result":"SUCCESS","precondition":false,"level":1}]}],"userStory":{"id":"buscar-hotel","storyName":"Buscar hotel","path":"src/test/resources/features/BuscarHotel.feature","narrative":"  Como usuario dentro del portal travelocity,\n  quiero poder buscar hoteles,\n  para recibir sugerencias de donde quedarme","type":"feature"},"featureTag":{"name":"Features/Buscar hotel","type":"feature","displayName":"Features/Buscar hotel"},"title":"Validacion de borrado de mensaje de error en formulario de viajeros al retirar un joven viajero","backgroundTitle":"","backgroundDescription":"","tags":[{"name":"Buscar hotel","type":"feature","displayName":"Buscar hotel"}],"startTime":"2021-05-29T22:54:30.457-05:00[America/Bogota]","duration":27331,"projectKey":"","sessionId":"ba713d927d480953c29e618bafce1694","driver":"chrome","isManualTestingUpToDate":false,"manual":false,"testSource":"Cucumber","actors":[{"name":"El usuario","can":["browse the web"]}],"result":"SUCCESS"}